Date and Time,ft (below ground)
2025-12-01 15:12:15,365.63
2025-12-01 12:11:38,365.63
2025-12-01 09:11:03,365.63
2025-12-01 06:10:25,365.63
2025-12-01 03:09:45,365.63
2025-12-01 00:09:06,365.63
2025-11-30 21:08:28,365.63
2025-11-30 18:07:52,365.63
2025-11-30 15:07:14,365.63
2025-11-30 12:06:30,365.63
2025-11-30 09:05:52,365.63
2025-11-30 06:05:13,365.63
2025-11-30 03:04:35,365.63
2025-11-30 00:03:57,365.63
2025-11-29 21:03:19,365.63
2025-11-29 18:02:41,365.63
2025-11-29 15:02:06,365.63
2025-11-29 12:01:29,365.63
2025-11-29 09:00:53,365.63
2025-11-29 06:00:14,365.63
2025-11-29 02:59:35,365.63
2025-11-28 23:58:59,365.63
2025-11-28 20:58:21,365.63
2025-11-28 17:57:41,365.63
2025-11-28 14:57:04,365.63
2025-11-28 11:56:28,365.63
2025-11-28 08:55:49,365.63
2025-11-28 05:55:11,365.63
2025-11-28 02:54:31,365.63
2025-11-27 23:53:52,365.63
2025-11-27 20:53:14,365.63
2025-11-27 17:52:33,365.63
2025-11-27 14:51:54,365.63
2025-11-27 11:51:16,365.63
2025-11-27 08:50:39,365.63
2025-11-27 05:50:02,365.63
2025-11-27 02:49:23,365.63
2025-11-26 23:48:46,365.63
2025-11-26 20:48:09,365.63
2025-11-26 17:47:26,365.63
2025-11-26 14:46:49,365.63
2025-11-26 11:46:11,365.63
2025-11-26 08:45:25,365.63
2025-11-26 05:44:47,365.63
2025-11-26 02:44:12,365.63
2025-11-25 23:43:35,365.63
2025-11-25 20:42:52,365.63
2025-11-25 17:42:15,365.63
2025-11-25 14:41:36,365.63
2025-11-25 11:40:56,365.63
2025-11-25 08:40:20,365.63
2025-11-25 05:39:40,365.63
2025-11-25 02:39:02,365.63
2025-11-24 23:38:22,365.63
2025-11-24 20:37:43,365.63
2025-11-24 17:37:06,365.63
2025-11-24 14:36:27,365.63
2025-11-24 11:35:52,365.63
2025-11-24 08:35:14,365.63
2025-11-24 05:34:33,365.63
2025-11-24 02:33:55,365.63
2025-11-23 23:33:20,365.63
2025-11-23 20:32:39,365.63
2025-11-23 17:32:02,365.63
2025-11-23 14:31:27,365.63
2025-11-23 11:30:49,365.63
2025-11-23 08:30:12,365.63
2025-11-23 05:29:35,365.63
2025-11-23 02:28:55,365.63
2025-11-22 23:28:19,365.63
2025-11-22 20:27:42,365.63
2025-11-22 17:27:04,365.63
2025-11-22 14:26:29,365.63
2025-11-22 11:25:52,365.63
2025-11-22 08:25:17,365.63
2025-11-22 05:24:38,365.63
2025-11-22 02:23:54,365.63
2025-11-21 23:23:17,365.63
2025-11-21 20:22:42,365.63
2025-11-21 17:22:04,365.63
2025-11-21 14:21:25,365.63
2025-11-21 11:20:48,365.63
2025-11-21 08:20:08,365.63
2025-11-21 05:19:27,365.63
2025-11-21 02:18:45,365.63
2025-11-20 23:18:06,365.63
2025-11-20 20:17:25,365.63
2025-11-20 17:16:50,365.63
2025-11-20 14:16:14,365.63
2025-11-20 11:15:33,365.63
2025-11-20 08:14:55,365.63
2025-11-20 05:14:18,365.63
2025-11-20 02:13:41,365.63
2025-11-19 23:13:05,365.63
2025-11-19 20:12:22,365.63
2025-11-19 17:11:44,365.63
2025-11-19 14:11:07,365.63
2025-11-19 11:10:27,365.63
2025-11-19 08:09:46,365.63
2025-11-19 05:09:10,365.63
2025-11-19 02:08:31,365.63
2025-11-18 23:07:49,365.63
2025-11-18 20:07:14,365.63
2025-11-18 17:06:34,365.63
2025-11-18 14:05:53,365.63
2025-11-18 11:05:18,365.63
2025-11-18 08:04:40,365.63
2025-11-18 05:04:04,365.63
2025-11-18 02:03:27,365.63
2025-11-17 23:02:49,365.63
2025-11-17 20:02:13,365.63
2025-11-17 17:01:35,365.63
2025-11-17 14:01:00,365.63
2025-11-17 11:00:20,365.63
2025-11-17 07:59:41,365.63
2025-11-17 04:59:05,365.63
2025-11-17 01:58:29,365.63
2025-11-16 22:57:52,365.63
2025-11-16 19:57:15,365.63
2025-11-16 16:56:33,365.63
2025-11-16 13:55:55,365.63
2025-11-16 10:55:18,365.63
2025-11-16 07:54:35,365.63
2025-11-16 04:53:55,365.63
2025-11-16 01:53:18,365.63
2025-11-15 22:52:41,365.63
2025-11-15 19:52:05,365.63
2025-11-15 16:51:25,365.63
2025-11-15 13:50:46,365.63
2025-11-15 10:50:09,365.63
2025-11-15 07:49:29,365.63
2025-11-15 04:48:52,365.63
2025-11-15 01:48:14,365.63
2025-11-14 22:47:32,365.63
2025-11-14 19:46:51,365.63
2025-11-14 16:46:16,365.63
2025-11-14 13:45:37,365.63
2025-11-14 10:44:55,365.63
2025-11-14 07:44:18,365.63
2025-11-14 04:43:42,365.63
2025-11-14 01:43:06,365.63
2025-11-13 22:42:26,365.63
2025-11-13 19:41:47,365.63
2025-11-13 16:41:10,365.63
2025-11-13 13:40:30,365.63
2025-11-13 10:39:51,365.63
2025-11-13 07:39:14,365.63
2025-11-13 04:38:37,365.63
2025-11-13 01:37:57,365.63
2025-11-12 22:37:19,365.63
2025-11-12 19:36:41,365.63
2025-11-12 16:36:03,365.63
2025-11-12 13:35:24,365.63
2025-11-12 10:34:46,365.63
2025-11-12 07:34:08,365.63
2025-11-12 04:33:27,365.63
2025-11-12 01:32:48,365.63
2025-11-11 22:32:08,365.63
2025-11-11 19:31:29,365.63
2025-11-11 16:30:48,365.63
2025-11-11 13:30:13,365.63
2025-11-11 10:29:31,365.63
2025-11-11 07:28:52,365.63
2025-11-11 04:28:13,365.63
2025-11-11 01:27:37,365.63
2025-11-10 22:26:56,365.63
2025-11-10 19:26:20,365.63
2025-11-10 16:25:37,365.63
2025-11-10 13:24:58,365.63
2025-11-10 10:24:23,365.63
2025-11-10 07:23:46,365.63
2025-11-10 04:23:06,365.63
2025-11-10 01:22:28,365.63
2025-11-09 22:21:48,365.63
2025-11-09 19:21:10,365.63
2025-11-09 16:20:28,365.63
2025-11-09 13:19:50,365.63
2025-11-09 10:19:13,365.63
2025-11-09 07:18:32,365.63
2025-11-09 04:17:54,365.63
2025-11-09 01:17:17,365.63
2025-11-08 22:16:32,365.63
2025-11-08 19:15:52,365.63
2025-11-08 16:15:18,365.63
2025-11-08 13:14:37,365.63
2025-11-08 10:13:56,365.63
2025-11-08 07:13:20,365.63
2025-11-08 04:12:41,365.63
2025-11-08 01:12:05,365.63
2025-11-07 22:11:24,365.63
2025-11-07 19:10:47,365.63
2025-11-07 16:10:07,365.63
2025-11-07 13:09:26,365.63
2025-11-07 10:08:47,365.63
2025-11-07 07:08:08,365.63
2025-11-07 04:07:27,365.63
2025-11-07 01:06:49,365.63
2025-11-06 22:06:09,365.63
2025-11-06 19:05:34,365.63
2025-11-06 16:04:55,365.63
2025-11-06 13:04:20,365.63
2025-11-06 10:03:38,365.63
2025-11-06 07:03:02,365.63
2025-11-06 04:02:23,365.63
2025-11-06 01:01:45,365.63
2025-11-05 22:01:09,365.63
2025-11-05 19:00:29,365.63
2025-11-05 15:59:49,365.63
2025-11-05 12:59:12,365.63
2025-11-05 09:58:32,365.63
2025-11-05 06:57:50,365.63
2025-11-05 03:57:14,365.63
2025-11-05 00:56:36,365.63
2025-11-04 21:55:59,365.63
2025-11-04 18:55:21,365.63
2025-11-04 15:54:43,365.63
2025-11-04 12:54:08,365.63
2025-11-04 09:53:27,365.63
2025-11-04 06:52:48,365.63
2025-11-04 03:52:10,365.63
2025-11-04 00:51:31,365.63
2025-11-03 21:50:53,365.63
2025-11-03 18:50:17,365.63
2025-11-03 15:49:39,365.63
2025-11-03 12:49:00,365.63
2025-11-03 09:48:20,365.63
2025-11-03 06:47:40,365.63
2025-11-03 03:47:02,365.63
2025-11-03 00:46:26,365.63
2025-11-02 21:45:47,365.63
2025-11-02 18:45:06,365.63
2025-11-02 15:44:28,365.63
2025-11-02 12:43:48,365.63
2025-11-02 09:43:13,365.63
2025-11-02 06:42:33,365.63
2025-11-02 03:41:51,365.63
2025-11-02 01:41:15,365.63
2025-11-01 22:40:36,365.63
2025-11-01 19:39:57,365.63
2025-11-01 16:39:18,365.63
2025-11-01 13:38:41,365.63
2025-11-01 10:38:03,365.63
2025-11-01 07:37:25,365.63
2025-11-01 04:36:45,365.63
2025-11-01 01:36:07,365.63
2025-10-31 22:35:29,365.63
2025-10-31 19:34:48,365.63
2025-10-31 16:34:11,365.63
2025-10-31 13:33:33,365.63
2025-10-31 10:32:52,365.63
2025-10-31 07:32:14,365.63
2025-10-31 04:31:34,365.63
2025-10-31 01:30:56,365.63
2025-10-30 22:30:17,365.63
2025-10-30 19:29:37,365.63
2025-10-30 16:28:56,365.63
2025-10-30 13:28:20,365.63
2025-10-30 10:27:40,365.63
2025-10-30 07:27:04,365.63
2025-10-30 04:26:25,365.63
2025-10-30 01:25:45,365.63
2025-10-29 22:25:08,365.63
2025-10-29 19:24:29,365.63
2025-10-29 16:23:48,365.63
2025-10-29 13:23:13,365.63
2025-10-29 10:22:31,365.63
2025-10-29 07:21:52,365.63
2025-10-29 04:21:15,365.63
2025-10-29 01:20:35,365.63
2025-10-28 22:19:55,365.63
2025-10-28 19:19:19,365.63
2025-10-28 16:18:37,365.63
2025-10-28 13:18:02,365.63
2025-10-28 10:17:22,365.63
2025-10-28 07:16:44,365.63
2025-10-28 04:16:07,365.63
2025-10-28 01:15:25,365.63
2025-10-27 22:14:47,365.63
2025-10-27 19:14:09,365.63
2025-10-27 16:13:30,365.63
2025-10-27 13:12:51,365.63
2025-10-27 10:12:15,365.63
2025-10-27 07:11:36,365.63
2025-10-27 04:10:56,365.63
2025-10-27 01:10:19,365.63
2025-10-26 22:09:41,365.63
2025-10-26 19:09:04,365.63
2025-10-26 16:08:25,365.63
2025-10-26 13:07:45,365.63
2025-10-26 10:07:09,365.63
2025-10-26 07:06:29,365.63
2025-10-26 04:05:52,365.63
2025-10-26 01:05:14,365.63
2025-10-25 22:04:33,365.63
2025-10-25 19:03:52,365.63
2025-10-25 16:03:17,365.63
2025-10-25 13:02:37,365.63
2025-10-25 10:01:59,365.63
2025-10-25 07:01:21,365.63
2025-10-25 04:00:42,365.63
2025-10-25 01:00:03,365.63
2025-10-24 21:59:23,365.63
2025-10-24 18:58:42,365.63
2025-10-24 15:58:04,365.63
2025-10-24 12:57:27,365.63
2025-10-24 09:56:48,365.63
2025-10-24 06:56:10,365.63
2025-10-24 03:55:35,365.63
2025-10-24 00:54:55,365.63
2025-10-23 21:54:16,365.63
2025-10-23 18:53:38,365.63
2025-10-23 15:53:03,365.63
2025-10-23 12:52:22,365.63
2025-10-23 09:51:44,365.63
2025-10-23 06:51:07,365.63
2025-10-23 03:50:27,365.63
2025-10-23 00:49:48,365.63
2025-10-22 21:49:13,365.63
2025-10-22 18:48:33,365.63
2025-10-22 15:47:52,365.63
2025-10-22 12:47:17,365.63
2025-10-22 09:46:40,365.63
2025-10-22 06:46:04,365.63
2025-10-22 03:45:19,365.63
2025-10-22 00:44:42,365.63
2025-10-21 21:44:04,365.63
2025-10-21 18:43:25,365.63
2025-10-21 15:42:46,365.63
2025-10-21 12:42:09,365.63
2025-10-21 09:41:26,365.63
2025-10-21 06:40:46,365.63
2025-10-21 03:40:08,365.63
2025-10-21 00:39:27,365.63
2025-10-20 21:38:48,365.63
2025-10-20 18:38:10,365.63
2025-10-20 15:37:31,365.63
2025-10-20 12:36:54,365.63
2025-10-20 09:36:18,365.63
2025-10-20 06:35:38,365.63
2025-10-20 03:35:01,365.63
2025-10-20 00:34:20,365.63
2025-10-19 21:33:41,365.63
2025-10-19 18:33:06,365.63
2025-10-19 15:32:25,365.63
2025-10-19 12:31:46,365.63
2025-10-19 09:31:10,365.63
2025-10-19 06:30:30,365.63
2025-10-19 03:29:52,365.63
2025-10-19 00:29:14,365.63
2025-10-18 21:28:35,365.63
2025-10-18 18:27:55,365.63
2025-10-18 15:27:19,365.63
2025-10-18 12:26:39,365.63
2025-10-18 09:25:58,365.63
2025-10-18 06:25:21,365.63
2025-10-18 03:24:45,365.63
2025-10-18 00:24:07,365.63
2025-10-17 21:23:24,365.63
2025-10-17 18:22:47,365.63
2025-10-17 15:22:10,365.63
2025-10-17 12:21:31,365.63
2025-10-17 09:20:53,365.63
2025-10-17 06:20:15,365.63
2025-10-17 03:19:36,365.63
2025-10-17 00:18:59,365.63
2025-10-16 21:18:22,365.63
2025-10-16 18:17:44,365.63
2025-10-16 15:17:08,365.63
2025-10-16 12:16:27,365.63
2025-10-16 09:15:33,365.63
2025-10-16 06:14:55,365.63
2025-10-16 03:14:19,365.63
2025-10-16 00:13:41,365.63
2025-10-15 21:13:05,365.63
2025-10-15 18:12:23,365.63
2025-10-15 15:11:44,365.63
2025-10-15 12:11:08,365.63
2025-10-15 09:10:27,365.63
2025-10-15 06:09:50,365.63
2025-10-15 03:09:14,365.63
2025-10-15 00:08:34,365.63
2025-10-14 21:07:51,365.63
2025-10-14 18:07:13,365.63
2025-10-14 15:06:33,365.63
2025-10-14 12:05:52,365.63
2025-10-14 09:05:13,365.63
2025-10-14 06:04:36,365.63
2025-10-14 03:03:54,365.63
2025-10-14 00:03:17,365.63
2025-10-13 21:02:36,365.63
2025-10-13 18:01:57,365.63
2025-10-13 15:01:18,365.63
2025-10-13 12:00:40,365.63
2025-10-13 09:00:03,365.63
2025-10-13 05:59:23,365.63
2025-10-13 02:58:42,365.63
2025-10-12 23:58:06,365.63
2025-10-12 20:57:27,365.63
2025-10-12 17:56:52,365.63
2025-10-12 14:56:13,365.63
2025-10-12 11:55:31,365.63
2025-10-12 05:54:14,365.63
2025-10-12 02:53:33,365.63
2025-10-11 23:52:57,365.63
2025-10-11 20:52:18,365.63
2025-10-11 17:51:40,365.63
2025-10-11 14:51:06,365.63
2025-10-11 11:50:27,365.63
2025-10-11 08:49:45,365.63
2025-10-11 05:49:05,365.63
2025-10-11 02:48:29,365.63
2025-10-10 23:47:51,365.63
2025-10-10 20:47:15,365.63
2025-10-10 17:46:35,365.63
2025-10-10 14:45:55,365.63
2025-10-10 11:45:19,365.63
2025-10-10 08:44:42,365.63
2025-10-10 05:44:06,365.63
2025-10-10 02:43:25,365.63
2025-10-09 23:42:45,365.63
2025-10-09 20:42:08,365.63
2025-10-09 17:41:26,365.63
2025-10-09 14:40:47,365.63
2025-10-09 11:40:07,365.63
2025-10-09 08:39:27,365.63
2025-10-09 05:38:46,365.63
2025-10-09 02:38:09,365.63
2025-10-08 23:37:32,365.63
2025-10-08 20:36:50,365.63
2025-10-08 17:36:14,365.63
2025-10-08 14:35:36,365.63
2025-10-08 11:34:56,365.63
2025-10-08 08:34:17,365.63
2025-10-08 05:33:38,365.63
2025-10-08 02:33:02,365.63
2025-10-07 23:32:18,365.63
2025-10-07 20:31:38,365.63
2025-10-07 17:30:57,365.63
2025-10-07 14:30:19,365.63
2025-10-07 11:29:39,365.63
2025-10-07 08:29:03,365.63
2025-10-07 05:28:18,365.63
2025-10-07 02:27:38,365.63
2025-10-06 23:27:02,365.63
2025-10-06 20:26:23,365.63
2025-10-06 17:25:43,365.63
2025-10-06 14:25:04,365.63
2025-10-06 11:24:26,365.63
2025-10-06 08:23:47,365.63
2025-10-06 05:23:09,365.63
2025-10-06 02:22:28,365.63
2025-10-05 23:21:48,365.63
2025-10-05 20:21:08,365.63
2025-10-05 17:20:26,365.63
2025-10-05 14:19:47,365.63
2025-10-05 11:19:10,365.63
2025-10-05 08:18:27,365.63
2025-10-05 05:17:50,365.63
2025-10-05 02:17:16,365.63
2025-10-04 23:16:37,365.63
2025-10-04 20:15:53,365.63
2025-10-04 17:15:16,365.63
2025-10-04 14:14:36,365.63
2025-10-04 11:13:57,365.63
2025-10-04 08:13:19,365.63
2025-10-04 05:12:39,365.63
2025-10-04 02:12:02,365.63
2025-10-03 23:11:25,365.63
2025-10-03 20:10:45,365.63
2025-10-03 17:10:05,365.63
2025-10-03 14:09:27,365.63
2025-10-03 11:08:49,365.63
2025-10-03 08:08:12,365.63
2025-10-03 05:07:34,365.63
2025-10-03 02:06:54,365.63
2025-10-02 23:06:18,365.63
2025-10-02 20:05:39,365.63
2025-10-02 17:05:01,365.63
2025-10-02 14:04:22,365.63
2025-10-02 11:03:43,365.63
2025-10-02 08:03:07,365.63
2025-10-02 05:02:29,365.63
2025-10-02 02:01:47,365.63
2025-10-01 23:01:09,365.63
2025-10-01 20:00:32,365.63
2025-10-01 16:59:53,365.63
2025-10-01 13:59:17,365.63
2025-10-01 10:58:37,365.63
2025-10-01 07:57:58,365.63
2025-10-01 04:57:18,365.63
2025-10-01 01:56:38,365.63
2025-09-30 22:56:03,365.63
2025-09-30 19:55:23,365.63
2025-09-30 16:54:45,365.63
2025-09-30 13:54:09,365.63
2025-09-30 10:53:26,365.63
2025-09-30 07:52:47,365.63
2025-09-30 04:52:09,365.63
2025-09-30 01:51:32,365.63
2025-09-29 22:50:52,365.63
2025-09-29 19:50:16,365.63
2025-09-29 16:49:35,365.63
2025-09-29 13:48:56,365.63
2025-09-29 10:48:19,365.63
2025-09-29 07:47:42,365.63
2025-09-29 04:47:07,365.63
2025-09-29 01:46:29,365.63
2025-09-28 22:45:49,365.63
2025-09-28 19:45:13,365.63
2025-09-28 16:44:35,365.63
2025-09-28 13:43:55,365.63
2025-09-28 10:43:18,365.63
2025-09-28 07:42:40,365.63
2025-09-28 04:42:04,365.63
2025-09-28 01:41:25,365.63
2025-09-27 22:40:47,365.63
2025-09-27 19:40:09,365.63
2025-09-27 16:39:31,365.63
2025-09-27 13:38:53,365.63
2025-09-27 10:38:15,365.63
2025-09-27 07:37:36,365.63
2025-09-27 04:36:54,365.63
2025-09-27 01:36:19,365.63
2025-09-26 22:35:41,365.63
2025-09-26 19:35:05,365.63
2025-09-26 16:34:27,365.63
2025-09-26 13:33:48,365.63
2025-09-26 10:33:10,365.63
2025-09-26 07:32:31,365.63
2025-09-26 04:31:51,365.63
2025-09-26 01:31:13,365.63
2025-09-25 22:30:34,365.63
2025-09-25 19:29:54,365.63
2025-09-25 16:29:17,365.63
2025-09-25 13:28:38,365.63
2025-09-25 10:27:59,365.63
2025-09-25 07:27:23,365.63
2025-09-25 04:26:45,365.63
2025-09-25 01:26:09,365.63
2025-09-24 22:25:28,365.63
2025-09-24 19:24:52,365.63
2025-09-24 16:24:14,365.63
2025-09-24 13:23:33,365.63
2025-09-24 10:22:55,365.63
2025-09-24 07:22:15,365.63
2025-09-24 04:21:36,365.63
2025-09-24 01:21:02,365.63
2025-09-23 22:20:24,365.63
2025-09-23 19:19:45,365.63
2025-09-23 16:19:06,365.63
2025-09-23 13:18:30,365.63
2025-09-23 10:17:47,365.63
2025-09-23 07:17:12,365.63
2025-09-23 04:16:32,365.63
2025-09-23 01:15:53,365.63
2025-09-22 22:15:14,365.63
2025-09-22 19:14:33,365.63
2025-09-22 16:13:53,365.63
2025-09-22 13:13:17,365.63
2025-09-22 10:12:37,365.63
2025-09-22 07:11:56,365.63
2025-09-22 04:11:21,365.63
2025-09-22 01:10:42,365.63
2025-09-21 22:10:05,365.63
2025-09-21 19:09:26,365.63
2025-09-21 16:08:47,365.63
2025-09-21 13:08:09,365.63
2025-09-21 10:07:32,365.63
2025-09-21 07:06:55,365.63
2025-09-21 04:06:19,365.63
2025-09-21 01:05:38,365.63
2025-09-20 22:05:02,365.63
2025-09-20 19:04:23,365.63
2025-09-20 16:03:42,365.63
2025-09-20 13:03:04,365.63
2025-09-20 10:02:28,365.63
2025-09-20 07:01:50,365.63
2025-09-20 04:01:13,365.63
2025-09-20 01:00:33,365.63
2025-09-19 21:59:53,365.63
2025-09-19 18:59:15,365.63
2025-09-19 15:58:37,365.63
2025-09-19 12:57:58,365.63
2025-09-19 09:57:21,365.63
2025-09-19 06:56:42,365.63
2025-09-19 03:56:07,365.63
2025-09-19 00:55:28,365.63
2025-09-18 21:54:48,365.63
2025-09-18 18:54:10,365.63
2025-09-18 15:53:28,365.63
2025-09-18 12:52:50,365.63
2025-09-18 09:52:14,365.63
2025-09-18 06:51:38,365.63
2025-09-18 03:51:02,365.63
2025-09-18 00:50:21,365.63
2025-09-17 21:49:42,365.63
2025-09-17 18:49:06,365.63
2025-09-17 15:48:28,365.63
2025-09-17 12:47:51,365.63
2025-09-17 09:47:15,365.63
2025-09-17 06:46:35,365.63
2025-09-17 03:45:57,365.63
2025-09-17 00:45:21,365.63
2025-09-16 21:44:43,365.63
2025-09-16 18:44:05,365.63
2025-09-16 15:43:26,365.63
2025-09-16 12:42:50,365.63
2025-09-16 09:42:14,365.63
2025-09-16 06:41:37,365.63
2025-09-16 03:40:58,365.63
2025-09-16 00:40:19,365.63
2025-09-15 21:39:42,365.63
2025-09-15 18:39:03,365.63
2025-09-15 15:38:27,365.63
2025-09-15 12:37:46,365.63
2025-09-15 09:37:08,365.63
2025-09-15 06:36:27,365.63
2025-09-15 03:35:51,365.63
2025-09-15 00:35:13,365.63
2025-09-14 21:34:36,365.63
2025-09-14 18:33:58,365.63
2025-09-14 15:33:22,365.63
2025-09-14 12:32:43,365.63
2025-09-14 09:32:07,365.63
2025-09-14 06:31:23,365.63
2025-09-14 03:30:47,365.63
2025-09-14 00:30:11,365.63
2025-09-13 21:29:30,365.63
2025-09-13 18:28:51,365.63
2025-09-13 15:28:14,365.63
2025-09-13 12:27:37,365.63
2025-09-13 09:26:56,365.63
2025-09-13 06:26:16,365.63
2025-09-13 03:25:37,365.63
2025-09-13 00:24:58,365.63
2025-09-12 21:24:22,365.63
2025-09-12 18:23:41,365.63
2025-09-12 15:23:02,365.63
2025-09-12 12:22:23,365.63
2025-09-12 09:21:44,365.63
2025-09-12 06:21:07,365.63
2025-09-12 03:20:27,365.63
2025-09-12 00:19:49,365.63
2025-09-11 21:19:13,365.63
2025-09-11 18:18:29,365.63
2025-09-11 15:17:49,365.63
2025-09-11 12:17:12,365.63
2025-09-11 09:16:33,365.63
2025-09-11 06:15:56,365.63
2025-09-11 03:15:18,365.63
2025-09-11 00:14:37,365.63
2025-09-10 21:13:58,365.63
2025-09-10 18:13:22,365.63
2025-09-10 15:12:46,365.63
2025-09-10 12:12:07,365.63
2025-09-10 09:11:31,365.63
2025-09-10 06:10:52,365.63
2025-09-10 03:10:16,365.63
2025-09-10 00:09:36,365.63
2025-09-09 21:09:00,365.63
2025-09-09 18:08:21,365.63
2025-09-09 15:07:42,365.63
2025-09-09 12:07:05,365.63
2025-09-09 09:06:22,365.63
2025-09-09 06:05:43,365.63
2025-09-09 03:05:06,365.63
2025-09-09 00:04:26,365.63
2025-09-08 21:03:48,365.63
2025-09-08 18:03:14,365.63
2025-09-08 15:02:36,365.63
2025-09-08 12:01:57,365.63
2025-09-08 09:01:22,365.63
2025-09-08 06:00:46,365.63
2025-09-08 03:00:10,365.63
2025-09-07 23:59:31,365.63
2025-09-07 20:58:49,365.63
2025-09-07 17:58:12,365.63
2025-09-07 14:57:35,365.63
2025-09-07 11:56:54,365.63
2025-09-07 08:56:17,365.63
2025-09-07 05:55:34,365.63
2025-09-07 02:54:57,365.63
2025-09-06 23:54:15,365.63
2025-09-06 20:53:36,365.63
2025-09-06 17:52:57,365.63
2025-09-06 14:52:18,365.63
2025-09-06 11:51:39,365.63
2025-09-06 08:51:01,365.63
2025-09-06 05:50:17,365.63
2025-09-06 02:49:41,365.63
2025-09-05 23:49:04,365.63
2025-09-05 20:48:27,365.63
2025-09-05 17:47:45,365.63
2025-09-05 14:47:08,365.63
2025-09-05 11:46:30,365.63
2025-09-05 08:45:51,365.63
2025-09-05 05:45:09,365.63
2025-09-05 02:44:30,365.63
2025-09-04 23:43:55,365.63
2025-09-04 20:43:18,365.63
2025-09-04 17:42:37,365.63
2025-09-04 14:42:02,365.63
2025-09-04 11:41:25,365.63
2025-09-04 08:40:44,365.63
2025-09-04 05:40:08,365.63
2025-09-04 02:39:27,365.63
2025-09-03 23:38:49,365.63
2025-09-03 20:38:12,365.63
2025-09-03 17:37:34,365.63
2025-09-03 14:36:55,365.63
2025-09-03 11:36:15,365.63
2025-09-03 08:35:33,365.63
2025-09-03 05:34:55,365.63
2025-09-03 02:34:18,365.63
2025-09-02 23:33:37,365.63
2025-09-02 20:33:02,365.63
2025-09-02 17:32:24,365.63
2025-09-02 14:31:44,365.63
2025-09-02 11:31:07,365.63
2025-09-02 08:30:28,365.63
2025-09-02 05:29:48,365.63
2025-09-02 02:29:12,365.63
2025-09-01 23:28:34,365.63
2025-09-01 20:27:57,365.63
2025-09-01 17:27:19,365.63
2025-09-01 14:26:43,365.63
2025-09-01 11:26:05,365.63
2025-09-01 08:25:25,365.63
2025-09-01 05:24:46,365.63
2025-09-01 02:24:10,365.63
2025-08-31 23:23:32,365.63
2025-08-31 20:22:51,365.63
2025-08-31 17:22:13,365.63
2025-08-31 14:21:34,365.63
2025-08-31 11:20:54,365.63
2025-08-31 08:20:16,365.63
2025-08-31 05:19:37,365.63
2025-08-31 02:18:59,365.63
2025-08-30 23:18:22,365.63
2025-08-30 20:17:46,365.63
2025-08-30 17:17:06,365.63
2025-08-30 14:16:30,365.63
2025-08-30 11:15:54,365.63
2025-08-30 08:15:17,365.63
2025-08-30 05:14:36,365.63
2025-08-30 02:13:56,365.63
2025-08-29 23:13:20,365.63
2025-08-29 20:12:39,365.63
2025-08-29 17:12:02,365.63
2025-08-29 14:11:21,365.63
2025-08-29 11:10:42,365.63
2025-08-29 08:10:06,365.63
2025-08-29 05:09:27,365.63
2025-08-29 02:08:49,365.63
2025-08-28 23:08:13,365.63
2025-08-28 20:07:33,365.63
2025-08-28 17:06:54,365.63
2025-08-28 14:06:13,365.63
2025-08-28 13:36:08,365.63
2025-08-28 13:06:02,365.63
2025-08-28 12:35:55,365.63
2025-08-28 12:05:48,365.63
2025-08-28 11:35:43,365.63
2025-08-28 11:05:37,365.63
2025-08-28 10:37:05,365.63
2025-07-24 09:21:24,365.63
2025-07-24 06:20:47,365.63
2025-07-24 03:20:12,365.63
2025-07-24 00:19:33,365.63
2025-07-23 21:18:55,365.63
2025-07-23 18:18:19,365.63
2025-07-23 15:17:42,365.63
2025-07-23 12:17:04,365.63
2025-07-23 09:16:27,365.63
2025-07-23 06:15:46,365.63
2025-07-23 03:15:09,365.63
2025-07-23 00:14:30,365.63
2025-07-22 21:13:48,365.63
2025-07-22 18:13:07,365.63
2025-07-22 15:12:28,365.63
2025-07-22 12:11:50,365.63
2025-07-22 09:11:11,365.63
2025-07-22 06:10:34,365.63
2025-07-22 03:09:56,365.63
2025-07-22 00:09:18,365.63
2025-07-21 21:08:42,365.63
2025-07-21 18:08:05,365.63
2025-07-21 15:07:29,365.63
2025-07-21 12:06:49,365.63
2025-07-21 09:06:11,365.63
2025-07-21 06:05:30,365.63
2025-07-21 03:04:53,365.63
2025-07-21 00:04:15,365.63
2025-07-20 21:03:36,365.63
2025-07-20 18:02:55,365.63
2025-07-20 15:02:18,365.63
2025-07-20 12:01:41,365.63
2025-07-20 09:01:04,365.63
2025-07-20 06:00:24,365.63
2025-07-20 02:59:47,365.63
2025-07-19 23:59:12,365.63
2025-07-19 20:58:34,365.63
2025-07-19 17:57:53,365.63
2025-07-19 14:57:16,365.63
2025-07-19 11:56:40,365.63
2025-07-19 08:56:01,365.63
2025-07-19 05:55:18,365.63
2025-07-19 02:54:40,365.63
2025-07-18 23:54:02,365.63
2025-07-18 20:53:24,365.63
2025-07-18 17:52:44,365.63
2025-07-18 14:52:07,365.63
2025-07-18 11:51:26,365.63
2025-07-18 08:50:46,365.63
2025-07-18 05:50:09,365.63
2025-07-18 02:49:29,365.63
2025-07-17 23:48:53,365.63
2025-07-17 20:48:15,365.63
2025-07-17 17:47:36,365.63
2025-07-17 14:46:57,365.63
2025-07-17 11:46:21,365.63
2025-07-17 08:45:42,365.63
2025-07-17 05:45:03,365.63
2025-07-17 02:44:27,365.63
2025-07-16 23:43:46,365.63
2025-07-16 20:43:10,365.63
2025-07-16 17:42:28,365.63
2025-07-16 14:41:50,365.63
2025-07-16 11:41:12,365.63
2025-07-16 08:40:32,365.63
2025-07-16 05:39:54,365.63
2025-07-16 02:39:16,365.63
2025-07-15 23:38:37,365.63
2025-07-15 20:37:58,365.63
2025-07-15 17:37:22,365.63
2025-07-15 14:36:44,365.63
2025-07-15 11:36:08,365.63
2025-07-15 08:35:28,365.63
2025-07-15 05:34:51,365.63
2025-07-15 02:34:14,365.63
2025-07-14 23:33:34,365.63
2025-07-14 20:33:00,365.63
2025-07-14 17:32:21,365.63
2025-07-14 14:31:42,365.63
2025-07-14 11:31:03,365.63
2025-07-14 08:30:27,365.63
2025-07-14 05:29:47,365.63
2025-07-14 02:29:11,365.63
2025-07-13 23:28:29,365.63
2025-07-13 20:27:50,365.63
2025-07-13 17:27:10,365.63
2025-07-13 14:26:33,365.63
2025-07-13 11:25:56,365.63
2025-07-13 08:25:18,365.63
2025-07-13 05:24:36,365.63
2025-07-13 02:24:02,365.63
2025-07-12 23:23:21,365.63
2025-07-12 20:22:43,365.63
2025-07-12 17:22:06,365.63
2025-07-12 14:21:27,365.63
2025-07-12 11:20:47,365.63
2025-07-12 08:20:11,365.63
2025-07-12 05:19:29,365.63
2025-07-12 02:18:50,365.63
2025-07-11 23:18:14,365.63
2025-07-11 20:17:32,365.63
2025-07-11 17:16:50,365.63
2025-07-11 14:16:14,365.63
2025-07-11 11:15:38,365.63
2025-07-11 08:15:00,365.63
2025-07-11 05:14:20,365.63
2025-07-11 02:13:41,365.63
2025-07-10 23:13:06,365.63
2025-07-10 20:12:24,365.63
2025-07-10 17:11:48,365.63
2025-07-10 14:11:09,365.63
2025-07-10 11:10:31,365.63
2025-07-10 08:09:48,365.63
2025-07-10 05:09:11,365.63
2025-07-10 02:08:37,365.63
2025-07-09 23:07:58,365.63
2025-07-09 20:07:20,365.63
2025-07-09 17:06:39,365.63
2025-07-09 14:06:02,365.63
2025-07-09 11:05:23,365.63
2025-07-09 08:04:39,365.63
2025-07-09 05:04:05,365.63
2025-07-09 02:03:25,365.63
2025-07-08 23:02:45,365.63
2025-07-08 20:02:08,365.63
2025-07-08 17:01:27,365.63
2025-07-08 16:31:21,365.63
2025-07-08 16:01:17,365.63
2025-07-08 15:31:10,365.63
2025-07-08 15:01:03,365.63
2025-07-08 14:30:56,365.63
2025-07-08 14:00:49,365.63
2025-07-08 13:32:19,365.63