County of Santa Barbara,,,,,,,,,,,,
Daily Rainfall Record - through 08-31-2025,,,,,,,,,,,,
,,,,,,,,,,,,
#317 - Jalama Beach,,,,,,,,,,,,
"Lat 34-30-42, Long 120-30-01, Elev 50 ft",,,,,,,,,,,,
,,,,,,,,,,,,
Daily Rainfall (in inches) recorded as of 8am for the previous 24 hours (PST),,,,,,,,,,,,
"Codes: PR = Preliminary data,  E = Estimated from nearby gauge",,,,,,,,,,,,
,,,,,,,,,,,,
station id,water year,year,month,day,daily rain,code,,,,,,
317,1968,1967,11,16,0.09,,,,,,,
317,1968,1967,11,18,0.75,,,,,,,
317,1968,1967,11,19,0.25,,,,,,,
317,1968,1967,11,20,0.57,,,,,,,
317,1968,1967,11,21,0.05,,,,,,,
317,1968,1967,11,30,0.31,,,,,,,
317,1968,1967,12,5,0.41,E398,,,,,,
317,1968,1967,12,7,0.10,E398,,,,,,
317,1968,1967,12,18,1.16,,,,,,,
317,1968,1967,12,19,0.38,,,,,,,
317,1968,1968,1,10,0.54,,,,,,,
317,1968,1968,1,11,0.18,,,,,,,
317,1968,1968,1,27,0.54,,,,,,,
317,1968,1968,1,30,0.34,,,,,,,
317,1968,1968,2,13,0.19,E398,,,,,,
317,1968,1968,2,17,0.86,E398,,,,,,
317,1968,1968,3,7,0.87,,,,,,,
317,1968,1968,3,13,0.76,,,,,,,
317,1968,1968,3,16,0.20,,,,,,,
317,1968,1968,4,1,0.48,,,,,,,
317,1968,1968,4,2,0.40,,,,,,,
317,1968,1968,5,12,0.20,E398,,,,,,
317,1969,1968,10,14,2.20,,,,,,,
317,1969,1968,10,30,0.47,,,,,,,
317,1969,1968,11,3,0.80,,,,,,,
317,1969,1968,11,15,0.80,,,,,,,
317,1969,1968,12,11,0.32,,,,,,,
317,1969,1968,12,14,0.59,,,,,,,
317,1969,1968,12,15,0.24,,,,,,,
317,1969,1968,12,21,0.09,,,,,,,
317,1969,1968,12,25,0.50,,,,,,,
317,1969,1968,12,26,0.37,,,,,,,
317,1969,1968,12,29,0.09,,,,,,,
317,1969,1969,1,14,1.20,,,,,,,
317,1969,1969,1,19,4.50,,,,,,,
317,1969,1969,1,21,1.00,,,,,,,
317,1969,1969,1,24,2.55,,,,,,,
317,1969,1969,1,26,0.45,,,,,,,
317,1969,1969,1,27,0.20,,,,,,,
317,1969,1969,1,29,0.35,,,,,,,
317,1969,1969,2,5,0.35,,,,,,,
317,1969,1969,2,6,0.40,,,,,,,
317,1969,1969,2,12,0.65,,,,,,,
317,1969,1969,2,14,1.70,,,,,,,
317,1969,1969,2,18,0.55,,,,,,,
317,1969,1969,2,19,0.25,,,,,,,
317,1969,1969,2,22,0.95,,,,,,,
317,1969,1969,2,24,0.95,,,,,,,
317,1969,1969,2,25,0.80,,,,,,,
317,1969,1969,2,28,1.45,,,,,,,
317,1969,1969,3,1,0.50,E398,,,,,,
317,1969,1969,3,11,0.35,,,,,,,
317,1969,1969,3,12,0.40,,,,,,,
317,1969,1969,3,22,0.45,,,,,,,
317,1969,1969,4,6,1.60,,,,,,,
317,1969,1969,4,12,0.40,,,,,,,
317,1969,1969,4,23,0.20,,,,,,,
317,1969,1969,5,7,0.20,,,,,,,
317,1970,1969,10,16,0.30,,,,,,,
317,1970,1969,11,6,0.86, ,,,,,,
317,1970,1969,11,7,0.65,,,,,,,
317,1970,1969,11,10,0.25,,,,,,,
317,1970,1969,12,8,0.21,E398,,,,,,
317,1970,1969,12,21,0.20,,,,,,,
317,1970,1969,12,26,0.25,,,,,,,
317,1970,1970,1,10,1.67,E398,,,,,,
317,1970,1970,1,15,0.20,,,,,,,
317,1970,1970,1,16,0.60, ,,,,,,
317,1970,1970,1,17,0.34, ,,,,,,
317,1970,1970,1,23,0.15,,,,,,,
317,1970,1970,2,11,0.65,,,,,,,
317,1970,1970,2,13,0.25,,,,,,,
317,1970,1970,2,28,1.40,E398,,,,,,
317,1970,1970,3,4,1.06,E398,,,,,,
317,1970,1970,3,6,1.50,,,,,,,
317,1988,1987,10,23,0.37,E398,,,,,,
317,1988,1987,10,28,0.30,E398,,,,,,
317,1988,1987,10,31,0.38,E398,,,,,,
317,1988,1987,11,5,0.35,E398,,,,,,
317,1988,1987,12,4,2.00,,,,,,,
317,1988,1987,12,16,2.25,,,,,,,
317,1988,1987,12,28,1.25,,,,,,,
317,1988,1987,12,30,0.51,E398,,,,,,
317,1988,1988,1,4,0.75,,,,,,,
317,1988,1988,1,17,0.63, ,,,,,,
317,1988,1988,1,18,0.62,E398,,,,,,
317,1988,1988,1,27,0.50,,,,,,,
317,1988,1988,2,28,0.57,E398,,,,,,
317,1988,1988,2,29,2.25,E398,,,,,,
317,1988,1988,3,1,0.21,E398,,,,,,
317,1988,1988,4,15,0.55,E398,,,,,,
317,1988,1988,4,20,1.53,E398,,,,,,
317,1988,1988,4,23,0.42,E398,,,,,,
317,1988,1988,5,6,0.22,E398,,,,,,
317,1988,1988,6,26,0.30,,,,,,,
317,1990,1989,9,17,0.07,,,,,,,
317,1990,1989,9,19,0.13,,,,,,,
317,1990,1989,9,28,0.28,,,,,,,
317,1990,1989,10,20,0.05,,,,,,,
317,1990,1989,10,24,0.25,,,,,,,
317,1990,1989,11,25,0.48,,,,,,,
317,1990,1989,12,28,0.20,,,,,,,
317,1990,1990,1,1,0.34,,,,,,,
317,1990,1990,1,12,0.84,,,,,,,
317,1990,1990,1,13,0.24,,,,,,,
317,1990,1990,1,14,0.42,,,,,,,
317,1990,1990,1,15,0.10,,,,,,,
317,1990,1990,1,16,0.30,,,,,,,
317,1990,1990,1,30,0.30,,,,,,,
317,1990,1990,1,31,0.20,,,,,,,
317,1990,1990,2,4,0.60,,,,,,,
317,1990,1990,2,17,0.80,,,,,,,
317,1990,1990,2,18,0.12,,,,,,,
317,1990,1990,3,2,0.06,,,,,,,
317,1990,1990,3,5,0.05,,,,,,,
317,1990,1990,3,11,0.05,,,,,,,
317,1990,1990,3,12,0.19,,,,,,,
317,1990,1990,4,17,0.35,,,,,,,
317,1990,1990,5,22,0.10,,,,,,,
317,1990,1990,5,29,0.95,,,,,,,
317,1991,1990,11,20,0.10,,,,,,,
317,1991,1990,11,25,0.20,,,,,,,
317,1991,1990,12,16,0.20,,,,,,,
317,1991,1990,12,19,0.05,,,,,,,
317,1991,1990,12,20,0.20,,,,,,,
317,1991,1990,12,21,0.15,,,,,,,
317,1991,1991,1,4,0.50,,,,,,,
317,1991,1991,1,5,0.45,,,,,,,
317,1991,1991,1,9,0.50,,,,,,,
317,1991,1991,1,16,0.20,,,,,,,
317,1991,1991,2,28,3.00,,,,,,,
317,1991,1991,3,1,1.35,E398,,,,,,
317,1991,1991,3,2,0.50,,,,,,,
317,1991,1991,3,5,0.78,E398,,,,,,
317,1991,1991,3,10,0.15,,,,,,,
317,1991,1991,3,13,0.25,,,,,,,
317,1991,1991,3,15,0.30,,,,,,,
317,1991,1991,3,17,3.00,,,,,,,
317,1991,1991,3,18,2.70,,,,,,,
317,1991,1991,3,19,0.25,,,,,,,
317,1991,1991,3,20,0.50,,,,,,,
317,1991,1991,3,21,1.03,E398,,,,,,
317,1991,1991,3,25,0.75,,,,,,,
317,1991,1991,3,26,0.25,,,,,,,
317,1991,1991,3,27,0.80,,,,,,,
317,1991,1991,4,1,0.15,,,,,,,
317,1991,1991,4,20,0.20,,,,,,,
317,1991,1991,4,21,0.10,,,,,,,
317,1991,1991,6,25,0.40,,,,,,,
317,1991,1991,6,26,0.10,,,,,,,
317,1991,1991,7,7,0.10,,,,,,,
317,1991,1991,8,12,0.01,,,,,,,
317,1991,1991,8,14,0.03,,,,,,,
317,1992,1991,10,26,0.35,,,,,,,
317,1992,1991,11,18,0.18,E398,,,,,,
317,1992,1991,12,5,0.05,,,,,,,
317,1992,1991,12,27,2.25,,,,,,,
317,1992,1991,12,28,0.75,,,,,,,
317,1992,1991,12,29,1.00,,,,,,,
317,1992,1992,1,2,0.03,,,,,,,
317,1992,1992,1,5,0.75,,,,,,,
317,1992,1992,1,6,0.75,,,,,,,
317,1992,1992,1,7,0.30,,,,,,,
317,1992,1992,1,8,0.35,,,,,,,
317,1992,1992,2,5,0.94,,,,,,,
317,1992,1992,2,6,0.30,,,,,,,
317,1992,1992,2,9,0.10,,,,,,,
317,1992,1992,2,10,1.68,E398,,,,,,
317,1992,1992,2,11,0.08,,,,,,,
317,1992,1992,2,12,2.00,,,,,,,
317,1992,1992,2,13,0.20,,,,,,,
317,1992,1992,2,14,1.00,,,,,,,
317,1992,1992,2,15,0.04,,,,,,,
317,1992,1992,3,2,0.43,E398,,,,,,
317,1992,1992,3,3,0.25,E398,,,,,,
317,1992,1992,3,6,0.69,E398,,,,,,
317,1992,1992,3,7,0.59,E398,,,,,,
317,1992,1992,3,20,0.52,E398,,,,,,
317,1992,1992,3,21,0.07,,,,,,,
317,1992,1992,3,22,0.70,,,,,,,
317,1992,1992,3,23,0.05,,,,,,,
317,1992,1992,3,25,0.10,,,,,,,
317,1992,1992,7,11,0.07,,,,,,,
317,1992,1992,7,12,0.15,,,,,,,
317,1993,1992,10,28,0.04,,,,,,,
317,1993,1992,10,30,0.35,,,,,,,
317,1993,1992,12,3,0.15,,,,,,,
317,1993,1992,12,5,0.08,,,,,,,
317,1993,1992,12,6,2.75,,,,,,,
317,1993,1992,12,7,0.10,,,,,,,
317,1993,1992,12,9,0.05,,,,,,,
317,1993,1992,12,10,0.45,,,,,,,
317,1993,1992,12,11,0.25,,,,,,,
317,1993,1992,12,17,0.25,,,,,,,
317,1993,1992,12,27,0.01,,,,,,,
317,1993,1992,12,28,0.45,,,,,,,
317,1993,1992,12,29,0.30,,,,,,,
317,1993,1993,1,1,0.10,,,,,,,
317,1993,1993,1,6,0.01,,,,,,,
317,1993,1993,1,7,1.75,,,,,,,
317,1993,1993,1,8,0.20,,,,,,,
317,1993,1993,1,9,0.05,,,,,,,
317,1993,1993,1,10,0.15,,,,,,,
317,1993,1993,1,11,0.80,,,,,,,
317,1993,1993,1,12,1.15,,,,,,,
317,1993,1993,1,13,0.40,,,,,,,
317,1993,1993,1,15,0.05,,,,,,,
317,1993,1993,1,16,0.30,,,,,,,
317,1993,1993,1,17,0.30,,,,,,,
317,1993,1993,1,18,0.80,,,,,,,
317,1993,1993,1,19,0.22,,,,,,,
317,1993,1993,1,20,0.02,,,,,,,
317,1993,1993,2,5,0.30,,,,,,,
317,1993,1993,2,7,0.05,,,,,,,
317,1993,1993,2,8,0.80,,,,,,,
317,1993,1993,2,9,0.30,,,,,,,
317,1993,1993,2,10,0.12,,,,,,,
317,1993,1993,2,11,0.07,,,,,,,
317,1993,1993,2,18,0.15,,,,,,,
317,1993,1993,2,19,1.35,,,,,,,
317,1993,1993,2,20,0.35,,,,,,,
317,1993,1993,2,21,0.06,,,,,,,
317,1993,1993,2,22,1.75,,,,,,,
317,1993,1993,2,24,0.14,,,,,,,
317,1993,1993,2,26,0.90,,,,,,,
317,1993,1993,2,27,0.04,,,,,,,
317,1993,1993,2,28,0.01,,,,,,,
317,1993,1993,3,25,1.00,,,,,,,
317,1993,1993,3,26,1.50,,,,,,,
317,1993,1993,3,27,0.10,,,,,,,
317,1993,1993,3,28,1.00,,,,,,,
317,1993,1993,5,25,0.30,,,,,,,
317,1993,1993,6,5,0.08,,,,,,,
317,1993,1993,6,20,0.05,,,,,,,
317,1994,1993,10,11,0.22,,,,,,,
317,1994,1993,10,18,0.19,,,,,,,
317,1994,1993,11,11,0.26,,,,,,,
317,1994,1993,11,12,0.08,,,,,,,
317,1994,1993,11,13,0.05,,,,,,,
317,1994,1993,11,22,0.03,,,,,,,
317,1994,1993,11,30,0.57,,,,,,,
317,1994,1993,12,12,1.03,,,,,,,
317,1994,1993,12,13,0.77,,,,,,,
317,1994,1993,12,19,0.15,,,,,,,
317,1994,1994,1,23,0.30,,,,,,,
317,1994,1994,1,24,0.10,,,,,,,
317,1994,1994,1,25,1.30,,,,,,,
317,1994,1994,1,26,0.18,,,,,,,
317,1994,1994,1,27,0.06,,,,,,,
317,1994,1994,2,4,0.80,,,,,,,
317,1994,1994,2,6,1.25,,,,,,,
317,1994,1994,2,7,0.30,,,,,,,
317,1994,1994,2,10,0.10,,,,,,,
317,1994,1994,2,16,1.75,,,,,,,
317,1994,1994,2,17,0.18,,,,,,,
317,1994,1994,2,18,0.20,,,,,,,
317,1994,1994,2,20,0.75,,,,,,,
317,1994,1994,3,6,0.70,,,,,,,
317,1994,1994,3,19,0.50,,,,,,,
317,1994,1994,3,20,0.60,,,,,,,
317,1994,1994,3,24,1.25,,,,,,,
317,1994,1994,4,9,0.30,,,,,,,
317,1994,1994,4,24,0.35,,,,,,,
317,1994,1994,4,25,0.42,,,,,,,
317,1994,1994,4,26,0.05,,,,,,,
317,1994,1994,4,27,0.20,,,,,,,
317,1994,1994,5,7,0.40,,,,,,,
317,1994,1994,5,17,0.10,,,,,,,
317,1994,1994,5,18,0.15,,,,,,,
317,1995,1994,10,3,0.40,,,,,,,
317,1995,1994,11,7,0.20,,,,,,,
317,1995,1994,11,10,1.00,,,,,,,
317,1995,1994,11,16,0.20,,,,,,,
317,1995,1994,11,26,0.25,,,,,,,
317,1995,1994,12,12,0.50,,,,,,,
317,1995,1994,12,14,0.02,,,,,,,
317,1995,1994,12,15,0.30,,,,,,,
317,1995,1994,12,24,0.50,,,,,,,
317,1995,1994,12,26,0.04,,,,,,,
317,1995,1994,12,27,0.45,,,,,,,
317,1995,1995,1,2,2.00,,,,,,,
317,1995,1995,1,4,1.00,,,,,,,
317,1995,1995,1,5,3.35,,,,,,,
317,1995,1995,1,6,0.05,,,,,,,
317,1995,1995,1,7,1.00,,,,,,,
317,1995,1995,1,8,0.05,,,,,,,
317,1995,1995,1,9,0.40,,,,,,,
317,1995,1995,1,10,2.00,,,,,,,
317,1995,1995,1,11,0.25,,,,,,,
317,1995,1995,1,12,0.25,,,,,,,
317,1995,1995,1,13,0.20,,,,,,,
317,1995,1995,1,14,0.04,,,,,,,
317,1995,1995,1,15,0.40,,,,,,,
317,1995,1995,1,16,0.35,,,,,,,
317,1995,1995,1,17,0.05,,,,,,,
317,1995,1995,1,21,1.55,,,,,,,
317,1995,1995,1,22,0.03,,,,,,,
317,1995,1995,1,23,1.25,,,,,,,
317,1995,1995,1,24,1.00,,,,,,,
317,1995,1995,1,25,1.20,,,,,,,
317,1995,1995,1,26,0.70,,,,,,,
317,1995,1995,1,27,0.02,,,,,,,
317,1995,1995,2,7,0.40,,,,,,,
317,1995,1995,2,14,0.90,,,,,,,
317,1995,1995,3,1,0.20,,,,,,,
317,1995,1995,3,2,0.25,,,,,,,
317,1995,1995,3,5,1.25,,,,,,,
317,1995,1995,3,6,1.40,,,,,,,
317,1995,1995,3,10,0.50,,,,,,,
317,1995,1995,3,11,3.75,,,,,,,
317,1995,1995,3,12,0.10,,,,,,,
317,1995,1995,3,21,0.40,,,,,,,
317,1995,1995,3,23,0.20,,,,,,,
317,1995,1995,3,24,1.20,,,,,,,
317,1995,1995,4,16,0.30,,,,,,,
317,1995,1995,4,18,0.05,,,,,,,
317,1995,1995,4,28,0.04,,,,,,,
317,1995,1995,5,15,0.90,,,,,,,
317,1995,1995,6,15,0.45,,,,,,,
317,1995,1995,6,16,0.20,,,,,,,
317,1996,1995,12,12,0.10,,,,,,,
317,1996,1995,12,13,1.35,,,,,,,
317,1996,1995,12,15,0.10,,,,,,,
317,1996,1995,12,23,1.00,,,,,,,
317,1996,1996,1,17,0.15,,,,,,,
317,1996,1996,1,19,0.50,,,,,,,
317,1996,1996,1,22,0.39,,,,,,,
317,1996,1996,1,25,0.70,,,,,,,
317,1996,1996,1,28,0.40,,,,,,,
317,1996,1996,1,31,0.60,,,,,,,
317,1996,1996,2,1,0.25,,,,,,,
317,1996,1996,2,3,0.90,,,,,,,
317,1996,1996,2,5,0.30,,,,,,,
317,1996,1996,2,6,0.50,,,,,,,
317,1996,1996,2,16,0.20,,,,,,,
317,1996,1996,2,19,0.20,,,,,,,
317,1996,1996,2,20,1.95,,,,,,,
317,1996,1996,2,21,1.20,,,,,,,
317,1996,1996,2,22,0.22,,,,,,,
317,1996,1996,2,25,0.10,,,,,,,
317,1996,1996,2,28,0.50,,,,,,,
317,1996,1996,2,29,0.10,,,,,,,
317,1996,1996,3,4,0.40,,,,,,,
317,1996,1996,3,5,0.22,,,,,,,
317,1996,1996,3,13,0.55,,,,,,,
317,1996,1996,3,14,0.05,,,,,,,
317,1996,1996,3,28,0.10,,,,,,,
317,1996,1996,4,2,0.40,,,,,,,
317,1996,1996,4,16,0.12,,,,,,,
317,1996,1996,4,18,0.25,,,,,,,
317,1996,1996,5,15,0.25,,,,,,,
317,1997,1996,10,28,1.75,,,,,,,
317,1997,1996,11,20,0.70,,,,,,,
317,1997,1996,11,21,1.25,,,,,,,
317,1997,1996,12,10,1.25,,,,,,,
317,1997,1996,12,11,1.75,,,,,,,
317,1997,1996,12,12,0.75,,,,,,,
317,1997,1996,12,22,0.28,,,,,,,
317,1997,1996,12,27,0.50,,,,,,,
317,1997,1996,12,30,0.15,,,,,,,
317,1997,1996,12,31,0.30,,,,,,,
317,1997,1997,1,2,0.82,,,,,,,
317,1997,1997,1,3,1.00,,,,,,,
317,1997,1997,1,12,0.10,,,,,,,
317,1997,1997,1,13,0.30,,,,,,,
317,1997,1997,1,14,0.20,,,,,,,
317,1997,1997,1,15,0.50,,,,,,,
317,1997,1997,1,20,0.60,,,,,,,
317,1997,1997,1,21,0.20,,,,,,,
317,1997,1997,1,22,0.30,,,,,,,
317,1997,1997,1,23,0.70,,,,,,,
317,1997,1997,1,25,0.50,,,,,,,
317,1997,1997,1,26,0.45,,,,,,,
,,,,,,GAP,,,,,,
317,2010,2009,10,12,0.32,E,,,,,,
317,2010,2009,10,13,2.86,E,,,,,,
317,2010,2009,10,14,0.07,E,,,,,,
317,2010,2009,12,6,0.55,E,,,,,,
317,2010,2009,12,7,0.85,E,,,,,,
317,2010,2009,12,11,0.62,E,,,,,,
317,2010,2009,12,12,0.25,E,,,,,,
317,2010,2009,12,13,0.66,E,,,,,,
317,2010,2009,12,22,0.10,,,,,,,
317,2010,2009,12,30,0.32,,,,,,,
317,2010,2010,1,13,0.70,,,,,,,
317,2010,2010,1,18,0.60,,,,,,,
317,2010,2010,1,19,0.35,,,,,,,
317,2010,2010,1,20,0.50,,,,,,,
317,2010,2010,1,21,1.00,,,,,,,
317,2010,2010,1,22,1.35,,,,,,,
317,2010,2010,1,23,0.40,,,,,,,
317,2010,2010,1,27,0.82,,,,,,,
317,2010,2010,1,31,0.08,,,,,,,
317,2010,2010,2,5,1.10,,,,,,,
317,2010,2010,2,6,0.54,,,,,,,
317,2010,2010,2,7,0.50,,,,,,,
317,2010,2010,2,20,0.13,,,,,,,
317,2010,2010,2,21,0.20,,,,,,,
317,2010,2010,2,24,0.46,,,,,,,
317,2010,2010,2,27,1.00,,,,,,,
317,2010,2010,2,28,0.20,,,,,,,
317,2010,2010,3,3,0.16,,,,,,,
317,2010,2010,3,4,0.24,,,,,,,
317,2010,2010,3,7,0.21,,,,,,,
317,2010,2010,3,9,0.20,,,,,,,
317,2010,2010,4,1,0.15,,,,,,,
317,2010,2010,4,5,0.15,,,,,,,
317,2010,2010,4,12,0.80,,,,,,,
317,2010,2010,4,20,0.06,,,,,,,
317,2010,2010,4,21,0.33,E,,,,,,
317,2011,2010,10,5,0.20,,,,,,,
317,2011,2010,10,6,0.20,,,,,,,
317,2011,2010,10,30,1.04,,,,,,,
317,2011,2010,11,20,0.20,,,,,,,
317,2011,2010,11,21,0.20,,,,,,,
317,2011,2010,11,22,0.08,,,,,,,
317,2011,2010,11,24,0.20,,,,,,,
317,2011,2010,12,4,0.10,,,,,,,
317,2011,2010,12,6,0.94,,,,,,,
317,2011,2010,12,18,0.86,E,,,,,,
317,2011,2010,12,19,1.50,,,,,,,
317,2011,2010,12,20,2.75,,,,,,,
317,2011,2010,12,21,0.68,,,,,,,
317,2011,2010,12,22,1.05,,,,,,,
317,2011,2010,12,26,0.81,,,,,,,
317,2011,2010,12,29,1.75,,,,,,,
317,2011,2011,1,2,1.00,,,,,,,
317,2011,2011,1,3,0.80,,,,,,,
317,2011,2011,2,16,0.24,,,,,,,
317,2011,2011,2,17,0.04,,,,,,,
317,2011,2011,2,19,2.02,,,,,,,
317,2011,2011,2,20,0.43,,,,,,,
317,2011,2011,2,21,0.01,,,,,,,
317,2011,2011,2,26,0.29,,,,,,,
317,2011,2011,3,2,0.07,,,,,,,
317,2011,2011,3,3,0.01,,,,,,,
317,2011,2011,3,7,0.09,,,,,,,
317,2011,2011,3,8,0.01,,,,,,,
317,2011,2011,3,19,0.14,,,,,,,
317,2011,2011,3,20,3.40,,,,,,,
317,2011,2011,3,21,0.40,,,,,,,
317,2011,2011,3,22,0.03,,,,,,,
317,2011,2011,3,23,0.21,,,,,,,
317,2011,2011,3,24,0.66,,,,,,,
317,2011,2011,3,25,0.35,,,,,,,
317,2011,2011,3,26,0.02,,,,,,,
317,2011,2011,3,27,0.09,,,,,,,
317,2011,2011,4,3,0.03,,,,,,,
317,2011,2011,4,8,0.13,,,,,,,
317,2011,2011,4,9,0.03,,,,,,,
317,2011,2011,4,21,0.05,,,,,,,
317,2011,2011,4,24,0.02,,,,,,,
317,2011,2011,5,17,0.48,,,,,,,
317,2011,2011,5,18,0.14,,,,,,,
317,2011,2011,5,19,0.02,,,,,,,
317,2011,2011,5,29,0.03,,,,,,,
317,2011,2011,6,4,0.12,,,,,,,
317,2011,2011,6,5,0.71,,,,,,,
317,2011,2011,6,6,0.34,,,,,,,
317,2011,2011,6,18,0.01,,,,,,,
317,2011,2011,6,23,0.01,,,,,,,
317,2012,2011,9,24,0.01,,,,,,,
317,2012,2011,9,25,0.01,,,,,,,
317,2012,2011,10,4,0.08,,,,,,,
317,2012,2011,10,5,0.77,,,,,,,
317,2012,2011,10,6,0.07,,,,,,,
317,2012,2011,10,7,0.01,,,,,,,
317,2012,2011,11,4,0.22,,,,,,,
317,2012,2011,11,5,0.02,,,,,,,
317,2012,2011,11,6,0.25,,,,,,,
317,2012,2011,11,7,0.01,,,,,,,
317,2012,2011,11,12,0.63,,,,,,,
317,2012,2011,11,20,0.49,,,,,,,
317,2012,2011,11,21,0.58,,,,,,,
317,2012,2011,12,12,0.34,,,,,,,
317,2012,2011,12,13,0.23,,,,,,,
317,2012,2012,1,21,0.71,,,,,,,
317,2012,2012,1,22,0.01,,,,,,,
317,2012,2012,1,23,0.59,,,,,,,
317,2012,2012,1,24,0.68,,,,,,,
317,2012,2012,2,7,0.12,,,,,,,
317,2012,2012,2,8,0.06,,,,,,,
317,2012,2012,2,13,0.01,,,,,,,
317,2012,2012,2,14,0.31,,,,,,,
317,2012,2012,2,15,0.01,,,,,,,
317,2012,2012,2,16,0.03,,,,,,,
317,2012,2012,3,17,0.62,,,,,,,
317,2012,2012,3,18,0.49,,,,,,,
317,2012,2012,3,19,0.02,,,,,,,
317,2012,2012,3,25,0.74,,,,,,,
317,2012,2012,3,26,0.37,,,,,,,
317,2012,2012,3,27,0.01,,,,,,,
317,2012,2012,3,28,0.07,,,,,,,
317,2012,2012,3,29,0.03,,,,,,,
317,2012,2012,4,1,0.29,,,,,,,
317,2012,2012,4,11,0.82,,,,,,,
317,2012,2012,4,13,0.48,,,,,,,
317,2012,2012,4,14,0.39,,,,,,,
317,2012,2012,4,15,0.01,,,,,,,
317,2012,2012,4,25,0.02,,,,,,,
317,2012,2012,4,26,1.00,,,,,,,
317,2012,2012,4,27,0.01,,,,,,,
317,2012,2012,5,2,0.01,,,,,,,
317,2012,2012,6,6,0.01,,,,,,,
317,2012,2012,7,5,0.01,,,,,,,
317,2013,2012,10,23,0.24,,,,,,,
317,2013,2012,11,9,0.07,,,,,,,
317,2013,2012,11,10,0.08,,,,,,,
317,2013,2012,11,16,0.01,,,,,,,
317,2013,2012,11,17,0.76,,,,,,,
317,2013,2012,11,18,0.14,,,,,,,
317,2013,2012,11,19,0.02,,,,,,,
317,2013,2012,11,20,0.01,,,,,,,
317,2013,2012,11,29,0.17,,,,,,,
317,2013,2012,11,30,0.10,,,,,,,
317,2013,2012,12,1,0.17,,,,,,,
317,2013,2012,12,2,0.37,,,,,,,
317,2013,2012,12,3,0.28,,,,,,,
317,2013,2012,12,4,0.01,,,,,,,
317,2013,2012,12,13,0.09,,,,,,,
317,2013,2012,12,15,0.07,,,,,,,
317,2013,2012,12,16,0.07,,,,,,,
317,2013,2012,12,17,0.01,,,,,,,
317,2013,2012,12,18,0.15,,,,,,,
317,2013,2012,12,23,0.46,,,,,,,
317,2013,2012,12,24,0.75,,,,,,,
317,2013,2012,12,25,0.01,,,,,,,
317,2013,2012,12,26,0.25,,,,,,,
317,2013,2012,12,27,0.05,,,,,,,
317,2013,2012,12,29,0.55,,,,,,,
317,2013,2012,12,30,0.01,,,,,,,
317,2013,2013,1,6,0.18,,,,,,,
317,2013,2013,1,7,0.32,,,,,,,
317,2013,2013,1,8,0.01,,,,,,,
317,2013,2013,1,12,0.05,,,,,,,
317,2013,2013,1,13,0.01,,,,,,,
317,2013,2013,1,24,0.11,,,,,,,
317,2013,2013,1,25,0.24,,,,,,,
317,2013,2013,1,26,0.21,,,,,,,
317,2013,2013,2,8,0.05,,,,,,,
317,2013,2013,2,9,0.16,,,,,,,
317,2013,2013,2,20,0.33,,,,,,,
317,2013,2013,3,6,0.05,,,,,,,
317,2013,2013,3,7,0.01,,,,,,,
317,2013,2013,3,8,0.73,,,,,,,
317,2013,2013,3,9,0.01,,,,,,,
317,2013,2013,3,31,0.32,,,,,,,
317,2013,2013,4,1,0.02,,,,,,,
317,2013,2013,4,2,0.06,,,,,,,
317,2013,2013,4,4,0.01,,,,,,,
317,2013,2013,4,30,0.04,,,,,,,
317,2013,2013,5,1,0.01,,,,,,,
317,2013,2013,5,6,0.21,,,,,,,
317,2013,2013,5,7,0.01,,,,,,,
317,2013,2013,5,8,0.01,,,,,,,
317,2013,2013,6,3,0.01,,,,,,,
317,2013,2013,6,9,0.07,,,,,,,
317,2013,2013,6,10,0.01,,,,,,,
317,2013,2013,7,29,0.05,,,,,,,
317,2013,2013,7,30,0.01,,,,,,,
317,2014,2013,10,29,0.02,,,,,,,
317,2014,2013,11,21,0.18,,,,,,,
317,2014,2013,11,29,0.18,,,,,,,
317,2014,2013,11,30,0.02,,,,,,,
317,2014,2013,12,7,0.06,,,,,,,
317,2014,2013,12,8,0.10,,,,,,,
317,2014,2013,12,20,0.05,,,,,,,
317,2014,2014,1,27,0.02,,,,,,,
317,2014,2014,2,3,0.46,,,,,,,
317,2014,2014,2,7,0.29,,,,,,,
317,2014,2014,2,9,0.01,,,,,,,
317,2014,2014,2,11,0.01,,,,,,,
317,2014,2014,2,27,1.04,,,,,,,
317,2014,2014,2,28,2.16,,,,,,,
317,2014,2014,3,1,0.45,,,,,,,
317,2014,2014,3,2,1.02,,,,,,,
317,2014,2014,3,3,0.01,,,,,,,
317,2014,2014,3,4,0.01,,,,,,,
317,2014,2014,3,26,0.07,,,,,,,
317,2014,2014,3,27,0.04,,,,,,,
317,2014,2014,3,30,0.10,,,,,,,
317,2014,2014,4,1,0.13,,,,,,,
317,2014,2014,4,2,0.38,,,,,,,
317,2014,2014,4,3,0.17,,,,,,,
317,2014,2014,4,26,0.05,,,,,,,
317,2014,2014,6,11,0.02,,,,,,,
317,2014,2014,7,1,0.01,,,,,,,
317,2014,2014,7,2,0.01,,,,,,,
317,2014,2014,7,15,0.01,,,,,,,
317,2014,2014,7,17,0.01,,,,,,,
317,2014,2014,7,28,0.04,,,,,,,
317,2015,2014,11,1,0.82,,,,,,,
317,2015,2014,11,2,0.01,,,,,,,
317,2015,2014,11,14,0.01,,,,,,,
317,2015,2014,11,15,0.01,,,,,,,
317,2015,2014,11,22,0.01,,,,,,,
317,2015,2014,12,2,0.66,,,,,,,
317,2015,2014,12,3,1.21,,,,,,,
317,2015,2014,12,6,0.04,,,,,,,
317,2015,2014,12,12,0.90,,,,,,,
317,2015,2014,12,13,0.01,,,,,,,
317,2015,2014,12,14,0.01,,,,,,,
317,2015,2014,12,16,0.77,,,,,,,
317,2015,2014,12,17,1.25,,,,,,,
317,2015,2014,12,18,0.04,,,,,,,
317,2015,2014,12,19,0.01,,,,,,,
317,2015,2015,1,11,0.39,,,,,,,
317,2015,2015,1,13,0.01,,,,,,,
317,2015,2015,1,27,0.14,,,,,,,
317,2015,2015,1,29,0.01,,,,,,,
317,2015,2015,2,7,0.04,,,,,,,
317,2015,2015,2,8,0.31,,,,,,,
317,2015,2015,2,9,0.06,,,,,,,
317,2015,2015,2,23,0.14,,,,,,,
317,2015,2015,2,28,0.01,,,,,,,
317,2015,2015,3,1,0.13,,,,,,,
317,2015,2015,3,2,0.26,,,,,,,
317,2015,2015,3,3,0.02,,,,,,,
317,2015,2015,4,7,0.02,,,,,,,
317,2015,2015,4,8,0.38,,,,,,,
317,2015,2015,4,26,0.05,,,,,,,
317,2015,2015,4,28,0.01,,,,,,,
317,2015,2015,5,15,0.22,,,,,,,
317,2015,2015,6,9,0.02,,,,,,,
317,2015,2015,6,10,0.04,,,,,,,
317,2015,2015,7,19,0.03,,,,,,,
317,2015,2015,8,10,0.01,,,,,,,
317,2016,2015,9,15,0.02,,,,,,,
317,2016,2015,9,16,0.01,,,,,,,
317,2016,2015,10,5,0.12,,,,,,,
317,2016,2015,11,3,0.22,,,,,,,
317,2016,2015,11,10,0.03,,,,,,,
317,2016,2015,11,16,0.17,,,,,,,
317,2016,2015,11,25,0.06,,,,,,,
317,2016,2015,11,26,0.01,,,,,,,
317,2016,2015,12,11,0.14,,,,,,,
317,2016,2015,12,12,0.11,,,,,,,
317,2016,2015,12,14,0.13,,,,,,,
317,2016,2015,12,15,0.01,,,,,,,
317,2016,2015,12,20,0.21,,,,,,,
317,2016,2015,12,22,0.19,,,,,,,
317,2016,2015,12,23,0.08,,,,,,,
317,2016,2015,12,25,0.02,,,,,,,
317,2016,2016,1,5,0.72,,,,,,,
317,2016,2016,1,6,1.00,,,,,,,
317,2016,2016,1,7,0.35,,,,,,,
317,2016,2016,1,8,0.04,,,,,,,
317,2016,2016,1,10,0.02,,,,,,,
317,2016,2016,1,11,0.14,,,,,,,
317,2016,2016,1,12,0.01,,,,,,,
317,2016,2016,1,14,0.03,,,,,,,
317,2016,2016,1,16,0.02,,,,,,,
317,2016,2016,1,18,0.06,,,,,,,
317,2016,2016,1,19,0.08,,,,,,,
317,2016,2016,1,20,1.01,,,,,,,
317,2016,2016,1,22,0.01,,,,,,,
317,2016,2016,1,23,0.10,,,,,,,
317,2016,2016,1,31,0.25,,,,,,,
317,2016,2016,2,1,0.52,,,,,,,
317,2016,2016,2,2,0.01,,,,,,,
317,2016,2016,2,18,0.53,,,,,,,
317,2016,2016,3,5,0.09,,,,,,,
317,2016,2016,3,6,0.81,,,,,,,
317,2016,2016,3,7,0.40,,,,,,,
317,2016,2016,3,8,0.24,,,,,,,
317,2016,2016,3,12,0.61,,,,,,,
317,2016,2016,3,13,0.01,,,,,,,
317,2016,2016,3,14,0.10,,,,,,,
317,2016,2016,3,15,0.01,,,,,,,
317,2016,2016,4,8,0.43,,,,,,,
317,2016,2016,4,9,0.15,,,,,,,
317,2016,2016,4,10,0.17,,,,,,,
317,2016,2016,8,1,0.01,,,,,,,
317,2017,2016,10,16,0.16,,,,,,,
317,2017,2016,10,17,0.30,,,,,,,
317,2017,2016,10,28,0.44,,,,,,,
317,2017,2016,10,29,0.02,,,,,,,
317,2017,2016,10,31,0.10,,,,,,,
317,2017,2016,11,1,0.01,,,,,,,
317,2017,2016,11,21,1.51,,,,,,,
317,2017,2016,11,27,0.72,,,,,,,
317,2017,2016,11,28,0.05,,,,,,,
317,2017,2016,12,9,0.31,,,,,,,
317,2017,2016,12,10,0.01,,,,,,,
317,2017,2016,12,16,1.10,,,,,,,
317,2017,2016,12,17,0.02,,,,,,,
317,2017,2016,12,24,0.70,,,,,,,
317,2017,2016,12,25,0.05,,,,,,,
317,2017,2016,12,31,0.12,,,,,,,
317,2017,2017,1,1,0.01,,,,,,,
317,2017,2017,1,5,0.55,,,,,,,
317,2017,2017,1,6,0.01,,,,,,,
317,2017,2017,1,7,0.17,,,,,,,
317,2017,2017,1,8,0.36,,,,,,,
317,2017,2017,1,9,1.52,,,,,,,
317,2017,2017,1,11,0.17,,,,,,,
317,2017,2017,1,12,0.21,,,,,,,
317,2017,2017,1,13,0.06,,,,,,,
317,2017,2017,1,19,0.80,,,,,,,
317,2017,2017,1,20,0.37,,,,,,,
317,2017,2017,1,21,0.87,,,,,,,
317,2017,2017,1,22,0.55,,,,,,,
317,2017,2017,1,23,0.67,,,,,,,
317,2017,2017,1,24,0.24,,,,,,,
317,2017,2017,2,2,0.02,,,,,,,
317,2017,2017,2,3,0.32,,,,,,,
317,2017,2017,2,4,0.10,,,,,,,
317,2017,2017,2,6,1.33,,,,,,,
317,2017,2017,2,7,0.02,,,,,,,
317,2017,2017,2,8,0.54,,,,,,,
317,2017,2017,2,9,0.01,,,,,,,
317,2017,2017,2,10,0.06,,,,,,,
317,2017,2017,2,11,0.57,,,,,,,
317,2017,2017,2,17,1.45,,,,,,,
317,2017,2017,2,18,2.04,,,,,,,
317,2017,2017,2,19,0.14,,,,,,,
317,2017,2017,2,20,0.41,,,,,,,
317,2017,2017,2,21,0.37,,,,,,,
317,2017,2017,2,22,0.08,,,,,,,
317,2017,2017,2,26,0.14,,,,,,,
317,2017,2017,2,27,0.06,,,,,,,
317,2017,2017,2,28,0.03,,,,,,,
317,2017,2017,3,5,0.05,,,,,,,
317,2017,2017,3,6,0.17,,,,,,,
317,2017,2017,3,21,0.19,,,,,,,
317,2017,2017,3,22,0.23,,,,,,,
317,2017,2017,3,25,0.12,,,,,,,
317,2017,2017,4,8,0.11,,,,,,,
317,2017,2017,4,14,0.08,,,,,,,
317,2017,2017,4,17,0.13,,,,,,,
317,2017,2017,4,18,0.06,,,,,,,
317,2017,2017,4,19,0.08,,,,,,,
317,2017,2017,5,7,0.15,,,,,,,
317,2017,2017,5,8,0.18,,,,,,,
317,2017,2017,6,23,0.03,,,,,,,
317,2017,2017,7,24,0.01,,,,,,,
317,2017,2017,7,25,0.01,,,,,,,
317,2018,2017,9,5,0.01,,,,,,,
317,2018,2017,9,11,0.61,,,,,,,
317,2018,2017,11,27,0.01,,,,,,,
317,2018,2018,1,4,0.07,,,,,,,
317,2018,2018,1,5,0.03,,,,,,,
317,2018,2018,1,8,0.03,,,,,,,
317,2018,2018,1,9,1.66,,,,,,,
317,2018,2018,1,10,0.36,,,,,,,
317,2018,2018,1,25,0.06,,,,,,,
317,2018,2018,2,14,0.02,,,,,,,
317,2018,2018,2,23,0.02,,,,,,,
317,2018,2018,2,27,0.15,,,,,,,
317,2018,2018,3,2,0.37,,,,,,,
317,2018,2018,3,3,0.20,,,,,,,
317,2018,2018,3,4,0.05,,,,,,,
317,2018,2018,3,5,0.01,,,,,,,
317,2018,2018,3,11,0.67,,,,,,,
317,2018,2018,3,12,0.01,,,,,,,
317,2018,2018,3,13,0.27,,,,,,,
317,2018,2018,3,14,0.43,,,,,,,
317,2018,2018,3,15,0.27,,,,,,,
317,2018,2018,3,16,0.04,,,,,,,
317,2018,2018,3,17,0.18,,,,,,,
317,2018,2018,3,21,0.95,,,,,,,
317,2018,2018,3,22,1.40,,,,,,,
317,2018,2018,3,23,0.32,,,,,,,
317,2018,2018,4,7,0.05,,,,,,,
317,2018,2018,4,8,0.07,,,,,,,
317,2018,2018,4,17,0.03,,,,,,,
317,2018,2018,4,19,0.20,,,,,,,
317,2018,2018,4,20,0.01,,,,,,,
317,2018,2018,5,30,0.02,,,,,,,
317,2018,2018,6,25,0.02,,,,,,,
317,2018,2018,6,26,0.02,,,,,,,
317,2019,2018,10,3,0.76,,,,,,,
317,2019,2018,10,4,0.28,,,,,,,
317,2019,2018,10,5,0.01,,,,,,,
317,2019,2018,11,22,0.67,,,,,,,
317,2019,2018,11,24,0.01,,,,,,,
317,2019,2018,11,25,0.02,,,,,,,
317,2019,2018,11,26,0.01,,,,,,,
317,2019,2018,11,29,0.54,,,,,,,
317,2019,2018,11,30,0.21,,,,,,,
317,2019,2018,12,2,0.04,,,,,,,
317,2019,2018,12,5,0.16,,,,,,,
317,2019,2018,12,6,0.10,,,,,,,
317,2019,2018,12,7,0.17,,,,,,,
317,2019,2018,12,17,0.43,,,,,,,
317,2019,2018,12,25,0.20,,,,,,,
317,2019,2018,12,26,0.01,,,,,,,
317,2019,2019,1,6,1.08,,,,,,,
317,2019,2019,1,7,0.32,,,,,,,
317,2019,2019,1,8,0.01,,,,,,,
317,2019,2019,1,10,0.29,,,,,,,
317,2019,2019,1,12,2.01,,,,,,,
317,2019,2019,1,13,0.06,,,,,,,
317,2019,2019,1,14,0.17,,,,,,,
317,2019,2019,1,15,0.64,,,,,,,
317,2019,2019,1,16,1.11,,,,,,,
317,2019,2019,1,17,1.18,,,,,,,
317,2019,2019,1,18,0.02,,,,,,,
317,2019,2019,1,22,0.01,,,,,,,
317,2019,2019,1,31,0.70,,,,,,,
317,2019,2019,2,1,0.01,,,,,,,
317,2019,2019,2,2,2.15,,,,,,,
317,2019,2019,2,3,0.14,,,,,,,
317,2019,2019,2,4,0.57,,,,,,,
317,2019,2019,2,5,0.18,,,,,,,
317,2019,2019,2,6,0.02,,,,,,,
317,2019,2019,2,9,0.29,,,,,,,
317,2019,2019,2,10,0.03,,,,,,,
317,2019,2019,2,11,0.04,,,,,,,
317,2019,2019,2,13,0.15,,,,,,,
317,2019,2019,2,14,0.72,,,,,,,
317,2019,2019,2,15,0.14,,,,,,,
317,2019,2019,2,16,0.14,,,,,,,
317,2019,2019,2,17,0.04,,,,,,,
317,2019,2019,2,18,0.31,,,,,,,
317,2019,2019,2,21,0.18,,,,,,,
317,2019,2019,2,22,0.12,,,,,,,
317,2019,2019,2,27,0.16,,,,,,,
317,2019,2019,2,28,0.14,,,,,,,
317,2019,2019,3,2,0.98,,,,,,,
317,2019,2019,3,3,0.09,,,,,,,
317,2019,2019,3,4,0.03,,,,,,,
317,2019,2019,3,6,1.37,,,,,,,
317,2019,2019,3,7,0.03,,,,,,,
317,2019,2019,3,9,0.01,,,,,,,
317,2019,2019,3,10,0.01,,,,,,,
317,2019,2019,3,20,0.12,,,,,,,
317,2019,2019,3,21,0.25,,,,,,,
317,2019,2019,3,22,0.01,,,,,,,
317,2019,2019,3,23,0.03,,,,,,,
317,2019,2019,3,24,0.14,,,,,,,
317,2019,2019,3,27,0.02,,,,,,,
317,2019,2019,3,28,0.05,,,,,,,
317,2019,2019,4,16,0.02,,,,,,,
317,2019,2019,4,29,0.11,,,,,,,
317,2019,2019,4,30,0.01,,,,,,,
317,2019,2019,5,7,0.01,,,,,,,
317,2019,2019,5,16,0.43,,,,,,,
317,2019,2019,5,17,0.01,,,,,,,
317,2019,2019,5,19,0.33,,,,,,,
317,2019,2019,5,20,0.02,,,,,,,
317,2019,2019,5,21,0.01,,,,,,,
317,2019,2019,5,26,0.01,,,,,,,
317,2019,2019,5,27,0.07,,,,,,,
317,2019,2019,5,28,0.01,,,,,,,
317,2019,2019,6,1,0.01,,,,,,,
317,2019,2019,7,20,0.01,,,,,,,
317,2019,2019,8,17,0.02,,,,,,,
317,2019,2019,8,19,0.01,,,,,,,
317,2019,2019,8,23,0.01,,,,,,,
317,2019,2019,8,25,0.01,,,,,,,
317,2020,2019,11,27,0.28,,,,,,,
317,2020,2019,11,28,0.57,,,,,,,
317,2020,2019,11,29,0.18,,,,,,,
317,2020,2019,11,30,0.02,,,,,,,
317,2020,2019,12,1,0.38,,,,,,,
317,2020,2019,12,4,0.54,,,,,,,
317,2020,2019,12,5,0.18,,,,,,,
317,2020,2019,12,6,0.16,,,,,,,
317,2020,2019,12,7,0.02,,,,,,,
317,2020,2019,12,8,0.29,,,,,,,
317,2020,2019,12,9,0.04,,,,,,,
317,2020,2019,12,18,0.03,,,,,,,
317,2020,2019,12,22,0.12,,,,,,,
317,2020,2019,12,23,1.19,,,,,,,
317,2020,2019,12,24,0.14,,,,,,,
317,2020,2019,12,25,0.08,,,,,,,
317,2020,2019,12,26,1.02,,,,,,,
317,2020,2019,12,30,0.31,,,,,,,
317,2020,2019,12,31,0.01,,,,,,,
317,2020,2020,1,10,0.11,,,,,,,
317,2020,2020,1,17,0.57,,,,,,,
317,2020,2020,1,21,0.07,,,,,,,
317,2020,2020,3,7,0.03,,,,,,,
317,2020,2020,3,8,0.17,,,,,,,
317,2020,2020,3,9,0.01,,,,,,,
317,2020,2020,3,10,0.07,,,,,,,
317,2020,2020,3,11,0.32,,,,,,,
317,2020,2020,3,12,0.18,,,,,,,
317,2020,2020,3,13,0.09,,,,,,,
317,2020,2020,3,14,0.04,,,,,,,
317,2020,2020,3,16,0.41,,,,,,,
317,2020,2020,3,17,0.92,,,,,,,
317,2020,2020,3,18,0.05,,,,,,,
317,2020,2020,3,23,0.90,,,,,,,
317,2020,2020,3,24,0.03,,,,,,,
317,2020,2020,3,25,0.03,,,,,,,
317,2020,2020,3,26,0.02,,,,,,,
317,2020,2020,3,27,0.02,,,,,,,
317,2020,2020,4,5,0.02,,,,,,,
317,2020,2020,4,6,1.51,,,,,,,
317,2020,2020,4,8,0.31,,,,,,,
317,2020,2020,4,9,0.28,,,,,,,
317,2020,2020,4,10,0.19,,,,,,,
317,2020,2020,4,11,0.01,,,,,,,
317,2020,2020,5,12,0.01,,,,,,,
317,2020,2020,5,13,0.01,,,,,,,
317,2020,2020,5,18,0.10,,,,,,,
317,2020,2020,6,5,0.01,,,,,,,
317,2020,2020,6,6,0.01,,,,,,,
317,2020,2020,6,28,0.01,,,,,,,
317,2020,2020,6,29,0.01,,,,,,,
317,2021,2020,11,7,0.19,,,,,,,
317,2021,2020,11,8,0.02,,,,,,,
317,2021,2020,11,9,0.02,,,,,,,
317,2021,2020,11,19,0.03,,,,,,,
317,2021,2020,12,18,0.01,,,,,,,
317,2021,2020,12,25,0.01,,,,,,,
317,2021,2020,12,27,0.03,,,,,,,
317,2021,2020,12,28,0.57,,,,,,,
317,2021,2020,12,29,0.18,,,,,,,
317,2021,2021,1,23,0.08,,,,,,,
317,2021,2021,1,24,0.19,,,,,,,
317,2021,2021,1,25,0.35,,,,,,,
317,2021,2021,1,26,0.34,,,,,,,
317,2021,2021,1,27,0.92,,,,,,,
317,2021,2021,1,28,2.85,,,,,,,
317,2021,2021,1,29,1.39,,,,,,,
317,2021,2021,1,30,0.09,,,,,,,
317,2021,2021,2,12,0.10,,,,,,,
317,2021,2021,3,4,0.01,,,,,,,
317,2021,2021,3,5,0.01,,,,,,,
317,2021,2021,3,10,0.28,,,,,,,
317,2021,2021,3,11,0.08,,,,,,,
317,2021,2021,3,12,0.14,,,,,,,
317,2021,2021,3,15,0.08,,,,,,,
317,2021,2021,3,16,0.05,,,,,,,
317,2021,2021,5,13,0.01,,,,,,,
317,2021,2021,6,12,0.01,,,,,,,
317,2021,2021,6,21,0.01,,,,,,,
317,2021,2021,7,16,0.01,,,,,,,
317,2022,2021,10,5,0.05,,,,,,,
317,2022,2021,10,8,0.02,,,,,,,
317,2022,2021,10,25,0.71,,,,,,,
317,2022,2021,10,26,0.21,,,,,,,
317,2022,2021,11,9,0.03,,,,,,,
317,2022,2021,11,10,0.04,,,,,,,
317,2022,2021,12,7,0.01,,,,,,,
317,2022,2021,12,8,0.01,,,,,,,
317,2022,2021,12,10,0.10,,,,,,,
317,2022,2021,12,14,1.72,,,,,,,
317,2022,2021,12,15,0.28,,,,,,,
317,2022,2021,12,17,0.24,,,,,,,
317,2022,2021,12,18,0.01,,,,,,,
317,2022,2021,12,23,0.56,,,,,,,
317,2022,2021,12,24,2.08,,,,,,,
317,2022,2021,12,26,0.62,,,,,,,
317,2022,2021,12,27,0.03,,,,,,,
317,2022,2021,12,28,0.10,,,,,,,
317,2022,2021,12,29,0.15,,,,,,,
317,2022,2021,12,30,0.20,,,,,,,
317,2022,2021,12,31,0.10,,,,,,,
317,2022,2022,1,17,0.01,,,,,,,
317,2022,2022,1,18,0.05,,,,,,,
317,2022,2022,2,22,0.01,,,,,,,
317,2022,2022,2,23,0.26,,,,,,,
317,2022,2022,3,5,0.03,,,,,,,
317,2022,2022,3,6,0.01,,,,,,,
317,2022,2022,3,20,0.01,,,,,,,
317,2022,2022,3,28,1.00,,,,,,,
317,2022,2022,3,29,0.12,,,,,,,
317,2022,2022,4,22,0.14,,,,,,,
317,2022,2022,4,23,0.01,,,,,,,
317,2022,2022,5,1,0.03,,,,,,,
317,2022,2022,5,8,0.01,,,,,,,
317,2022,2022,5,26,0.02,,,,,,,
317,2022,2022,5,27,0.01,,,,,,,
317,2022,2022,5,30,0.01,,,,,,,
317,2022,2022,6,9,0.02,,,,,,,
317,2022,2022,7,25,0.01,,,,,,,
317,2023,2022,9,10,0.06,,,,,,,
317,2023,2022,9,11,0.01,,,,,,,
317,2023,2022,9,19,1.79,,,,,,,
317,2023,2022,9,20,0.86,,,,,,,
317,2023,2022,9,21,0.03,,,,,,,
317,2023,2022,11,2,0.05,,,,,,,
317,2023,2022,11,3,0.01,,,,,,,
317,2023,2022,11,7,0.03,,,,,,,
317,2023,2022,11,8,0.68,,,,,,,
317,2023,2022,11,9,0.40,,,,,,,
317,2023,2022,11,10,0.01,,,,,,,
317,2023,2022,12,2,0.55,,,,,,,
317,2023,2022,12,3,0.42,,,,,,,
317,2023,2022,12,4,0.52,,,,,,,
317,2023,2022,12,10,0.12,,,,,,,
317,2023,2022,12,11,0.99,,,,,,,
317,2023,2022,12,12,0.45,,,,,,,
317,2023,2022,12,13,0.01,,,,,,,
317,2023,2022,12,28,1.63,,,,,,,
317,2023,2022,12,30,0.02,,,,,,,
317,2023,2022,12,31,0.39,,,,,,,
317,2023,2023,1,1,1.10,,,,,,,
317,2023,2023,1,3,0.15,,,,,,,
317,2023,2023,1,5,1.05,,,,,,,
317,2023,2023,1,6,0.01,,,,,,,
317,2023,2023,1,8,0.43,,,,,,,
317,2023,2023,1,9,1.55,,,,,,,
317,2023,2023,1,10,2.07,,,,,,,
317,2023,2023,1,11,0.09,,,,,,,
317,2023,2023,1,14,0.22,,,,,,,
317,2023,2023,1,15,1.07,,,,,,,
317,2023,2023,1,16,0.48,,,,,,,
317,2023,2023,1,17,0.28,,,,,,,
317,2023,2023,1,20,0.02,,,,,,,
317,2023,2023,1,30,0.02,,,,,,,
317,2023,2023,1,31,0.03,,,,,,,
317,2023,2023,2,5,0.26,,,,,,,
317,2023,2023,2,12,0.22,,,,,,,
317,2023,2023,2,22,0.12,,,,,,,
317,2023,2023,2,23,0.27,,,,,,,
317,2023,2023,2,24,1.47,,,,,,,
317,2023,2023,2,25,2.26,,,,,,,
317,2023,2023,2,26,0.04,,,,,,,
317,2023,2023,2,27,0.39,,,,,,,
317,2023,2023,2,28,0.06,,,,,,,
317,2023,2023,3,1,0.20,,,,,,,
317,2023,2023,3,5,0.01,,,,,,,
317,2023,2023,3,6,0.02,,,,,,,
317,2023,2023,3,10,0.47,,,,,,,
317,2023,2023,3,11,0.66,,,,,,,
317,2023,2023,3,12,0.05,,,,,,,
317,2023,2023,3,14,0.20,,,,,,,
317,2023,2023,3,15,1.57,,,,,,,
317,2023,2023,3,19,0.13,,,,,,,
317,2023,2023,3,21,0.89,,,,,,,
317,2023,2023,3,22,0.42,,,,,,,
317,2023,2023,3,23,0.11,,,,,,,
317,2023,2023,3,29,0.73,,,,,,,
317,2023,2023,3,30,0.34,,,,,,,
317,2023,2023,5,2,0.11,,,,,,,
317,2023,2023,5,4,0.64,,,,,,,
317,2023,2023,5,5,0.01,,,,,,,
317,2023,2023,5,15,0.02,,,,,,,
317,2023,2023,5,23,0.04,,,,,,,
317,2023,2023,6,5,0.04,,,,,,,
317,2023,2023,6,6,0.10,,,,,,,
317,2023,2023,6,7,0.33,,,,,,,
317,2023,2023,8,22,0.01,,,,,,,
317,2024,2023,10,23,0.01,,,,,,,
317,2024,2023,11,16,0.10,,,,,,,
317,2024,2023,11,18,0.24,,,,,,,
317,2024,2023,11,19,0.51,,,,,,,
317,2024,2023,11,29,0.06,,,,,,,
317,2024,2023,11,30,0.04,,,,,,,
317,2024,2023,12,18,0.02,,,,,,,
317,2024,2023,12,19,0.46,,,,,,,
317,2024,2023,12,20,0.17,,,,,,,
317,2024,2023,12,21,1.77,,,,,,,
317,2024,2023,12,22,0.33,,,,,,,
317,2024,2023,12,23,0.01,,,,,,,
317,2024,2023,12,30,1.44,,,,,,,
317,2024,2023,12,31,0.04,,,,,,,
317,2024,2024,1,3,0.30,,,,,,,
317,2024,2024,1,4,0.03,,,,,,,
317,2024,2024,1,7,0.01,,,,,,,
317,2024,2024,1,11,0.06,,,,,,,
317,2024,2024,1,20,0.32,,,,,,,
317,2024,2024,1,21,0.10,,,,,,,
317,2024,2024,1,22,0.55,,,,,,,
317,2024,2024,1,23,0.03,,,,,,,
317,2024,2024,1,25,0.08,,,,,,,
317,2024,2024,1,26,0.01,,,,,,,
317,2024,2024,2,1,1.45,,,,,,,
317,2024,2024,2,2,0.17,,,,,,,
317,2024,2024,2,3,0.01,,,,,,,
317,2024,2024,2,4,0.75,,,,,,,
317,2024,2024,2,5,2.12,,,,,,,
317,2024,2024,2,6,0.25,,,,,,,
317,2024,2024,2,7,0.17,,,,,,,
317,2024,2024,2,8,0.35,,,,,,,
317,2024,2024,2,10,0.01,,,,,,,
317,2024,2024,2,15,0.08,,,,,,,
317,2024,2024,2,16,0.01,,,,,,,
317,2024,2024,2,18,0.36,,,,,,,
317,2024,2024,2,19,1.81,,,,,,,
317,2024,2024,2,21,0.20,,,,,,,
317,2024,2024,3,1,0.25,,,,,,,
317,2024,2024,3,2,0.50,,,,,,,
317,2024,2024,3,3,0.32,,,,,,,
317,2024,2024,3,4,0.01,,,,,,,
317,2024,2024,3,7,0.22,,,,,,,
317,2024,2024,3,8,0.01,,,,,,,
317,2024,2024,3,23,0.57,,,,,,,
317,2024,2024,3,24,0.12,,,,,,,
317,2024,2024,3,25,0.05,,,,,,,
317,2024,2024,3,30,1.48,,,,,,,
317,2024,2024,3,31,0.59,,,,,,,
317,2024,2024,4,1,0.18,,,,,,,
317,2024,2024,4,5,0.35,,,,,,,
317,2024,2024,4,6,0.08,,,,,,,
317,2024,2024,4,13,0.21,,,,,,,
317,2024,2024,4,14,0.76,,,,,,,
317,2024,2024,4,15,0.07,,,,,,,
317,2024,2024,5,5,0.15,,,,,,,
317,2024,2024,6,4,0.01,,,,,,,
317,2024,2024,6,12,0.01,,,,,,,
317,2024,2024,6,13,0.01,,,,,,,
317,2024,2024,6,16,0.01,,,,,,,
317,2024,2024,6,17,0.05,,,,,,,
317,2024,2024,6,18,0.01,,,,,,,
317,2025,2024,9,28,0.01,,,,,,,
317,2025,2024,11,3,0.13,,,,,,,
317,2025,2024,11,23,0.12,,,,,,,
317,2025,2024,11,24,0.02,,,,,,,
317,2025,2024,11,25,0.04,,,,,,,
317,2025,2024,11,26,0.14,,,,,,,
317,2025,2024,11,27,0.12,,,,,,,
317,2025,2024,12,13,0.05,,,,,,,
317,2025,2024,12,15,0.03,,,,,,,
317,2025,2024,12,25,0.11,,,,,,,
317,2025,2024,12,27,0.09,,,,,,,
317,2025,2024,12,28,0.20,,,,,,,
317,2025,2025,1,26,0.06,,,,,,,
317,2025,2025,1,27,0.31,,,,,,,
317,2025,2025,2,5,0.70,,,,,,,
317,2025,2025,2,6,0.29,,,,,,,
317,2025,2025,2,7,0.34,,,,,,,
317,2025,2025,2,12,0.10,,,,,,,
317,2025,2025,2,13,0.31,,,,,,,
317,2025,2025,2,14,0.65,,,,,,,
317,2025,2025,3,3,0.04,,,,,,,
317,2025,2025,3,4,0.01,,,,,,,
317,2025,2025,3,6,0.36,,,,,,,
317,2025,2025,3,7,0.04,,,,,,,
317,2025,2025,3,11,0.01,,,,,,,
317,2025,2025,3,12,0.04,,,,,,,
317,2025,2025,3,13,0.68,,,,,,,
317,2025,2025,3,14,0.17,,,,,,,
317,2025,2025,3,15,0.19,,,,,,,
317,2025,2025,3,18,0.21,,,,,,,
317,2025,2025,3,19,0.01,,,,,,,
317,2025,2025,3,30,0.13,,,,,,,
317,2025,2025,4,1,0.01,,,,,,,
317,2025,2025,4,2,0.06,,,,,,,
317,2025,2025,4,26,0.34,,,,,,,
317,2025,2025,4,27,0.01,,,,,,,
317,2025,2025,5,5,0.01,,,,,,,
317,2025,2025,6,5,0.02,,,,,,,
317,2025,2025,6,6,0.01,,,,,,,
317,2025,2025,7,17,0.01,,,,,,,
317,2025,2025,8,31,0.00,,,,,,,
